{
  "Center": {
    "precision": 0.9462616822429907,
    "recall": 0.9429569266589057,
    "f1-score": 0.9446064139941691,
    "support": 859.0
  },
  "Donut": {
    "precision": 0.9292929292929293,
    "recall": 0.92,
    "f1-score": 0.9246231155778895,
    "support": 200.0
  },
  "Edge-Loc": {
    "precision": 0.8985801217038539,
    "recall": 0.8535645472061657,
    "f1-score": 0.8754940711462451,
    "support": 1038.0
  },
  "Edge-Ring": {
    "precision": 0.9682459677419355,
    "recall": 0.9922520661157025,
    "f1-score": 0.9801020408163266,
    "support": 1936.0
  },
  "Loc": {
    "precision": 0.7945791726105563,
    "recall": 0.7746870653685675,
    "f1-score": 0.7845070422535211,
    "support": 719.0
  },
  "Near-full": {
    "precision": 0.9945652173913043,
    "recall": 0.915,
    "f1-score": 0.953125,
    "support": 200.0
  },
  "Random": {
    "precision": 0.7383177570093458,
    "recall": 0.9132947976878613,
    "f1-score": 0.8165374677002584,
    "support": 173.0
  },
  "Scratch": {
    "precision": 0.6589403973509934,
    "recall": 0.6633333333333333,
    "f1-score": 0.6611295681063123,
    "support": 300.0
  },
  "accuracy": 0.9028571428571428,
  "macro avg": {
    "precision": 0.8660979056679887,
    "recall": 0.871886092046317,
    "f1-score": 0.8675155899493402,
    "support": 5425.0
  },
  "weighted avg": {
    "precision": 0.9035159982553856,
    "recall": 0.9028571428571428,
    "f1-score": 0.9026483585863779,
    "support": 5425.0
  }
}