{
  "Center": {
    "precision": 0.9502314814814815,
    "recall": 0.9557625145518044,
    "f1-score": 0.9529889727219966,
    "support": 859.0
  },
  "Donut": {
    "precision": 0.8932038834951457,
    "recall": 0.8288288288288288,
    "f1-score": 0.8598130841121495,
    "support": 111.0
  },
  "Edge-Loc": {
    "precision": 0.8734177215189873,
    "recall": 0.8641618497109826,
    "f1-score": 0.8687651331719128,
    "support": 1038.0
  },
  "Edge-Ring": {
    "precision": 0.9743852459016393,
    "recall": 0.9824380165289256,
    "f1-score": 0.9783950617283951,
    "support": 1936.0
  },
  "Loc": {
    "precision": 0.8126843657817109,
    "recall": 0.7663421418636995,
    "f1-score": 0.7888332140300645,
    "support": 719.0
  },
  "Near-full": {
    "precision": 1.0,
    "recall": 0.6666666666666666,
    "f1-score": 0.8,
    "support": 30.0
  },
  "Random": {
    "precision": 0.8412698412698413,
    "recall": 0.9190751445086706,
    "f1-score": 0.8784530386740331,
    "support": 173.0
  },
  "Scratch": {
    "precision": 0.5830258302583026,
    "recall": 0.6638655462184874,
    "f1-score": 0.6208251473477406,
    "support": 238.0
  },
  "accuracy": 0.9012539184952978,
  "macro avg": {
    "precision": 0.8660272962133886,
    "recall": 0.8308925886097582,
    "f1-score": 0.8435092064732865,
    "support": 5104.0
  },
  "weighted avg": {
    "precision": 0.9026316210425245,
    "recall": 0.9012539184952978,
    "f1-score": 0.901431753387588,
    "support": 5104.0
  }
}