{
  "Center": {
    "precision": 0.965352449223417,
    "recall": 0.940628637951106,
    "f1-score": 0.9528301886792453,
    "support": 859.0
  },
  "Donut": {
    "precision": 0.9484536082474226,
    "recall": 0.92,
    "f1-score": 0.934010152284264,
    "support": 200.0
  },
  "Edge-Loc": {
    "precision": 0.8526989935956084,
    "recall": 0.8978805394990366,
    "f1-score": 0.8747067104645706,
    "support": 1038.0
  },
  "Edge-Ring": {
    "precision": 0.9852709100473435,
    "recall": 0.9674586776859504,
    "f1-score": 0.9762835548605682,
    "support": 1936.0
  },
  "Loc": {
    "precision": 0.7988826815642458,
    "recall": 0.7955493741307371,
    "f1-score": 0.797212543554007,
    "support": 719.0
  },
  "Near-full": {
    "precision": 1.0,
    "recall": 0.87,
    "f1-score": 0.93048128342246,
    "support": 200.0
  },
  "Random": {
    "precision": 0.8390804597701149,
    "recall": 0.8439306358381503,
    "f1-score": 0.8414985590778098,
    "support": 173.0
  },
  "Scratch": {
    "precision": 0.6636904761904762,
    "recall": 0.7433333333333333,
    "f1-score": 0.7012578616352201,
    "support": 300.0
  },
  "accuracy": 0.9054377880184332,
  "macro avg": {
    "precision": 0.8816786973298285,
    "recall": 0.8723476498047892,
    "f1-score": 0.876035106747268,
    "support": 5425.0
  },
  "weighted avg": {
    "precision": 0.9087887968992375,
    "recall": 0.9054377880184332,
    "f1-score": 0.9066474423807298,
    "support": 5425.0
  }
}