{
  "Center": {
    "precision": 0.9304932735426009,
    "recall": 0.9662398137369034,
    "f1-score": 0.9480296973158195,
    "support": 859.0
  },
  "Donut": {
    "precision": 0.90625,
    "recall": 0.7837837837837838,
    "f1-score": 0.8405797101449275,
    "support": 111.0
  },
  "Edge-Loc": {
    "precision": 0.8762278978388998,
    "recall": 0.859344894026975,
    "f1-score": 0.867704280155642,
    "support": 1038.0
  },
  "Edge-Ring": {
    "precision": 0.9763739085772984,
    "recall": 0.9819214876033058,
    "f1-score": 0.9791398403296421,
    "support": 1936.0
  },
  "Loc": {
    "precision": 0.78954802259887,
    "recall": 0.7774687065368567,
    "f1-score": 0.7834618079887876,
    "support": 719.0
  },
  "Near-full": {
    "precision": 0.9333333333333333,
    "recall": 0.9333333333333333,
    "f1-score": 0.9333333333333333,
    "support": 30.0
  },
  "Random": {
    "precision": 0.9161676646706587,
    "recall": 0.884393063583815,
    "f1-score": 0.9,
    "support": 173.0
  },
  "Scratch": {
    "precision": 0.6544715447154471,
    "recall": 0.6764705882352942,
    "f1-score": 0.6652892561983471,
    "support": 238.0
  },
  "accuracy": 0.9034090909090909,
  "macro avg": {
    "precision": 0.8728582056596386,
    "recall": 0.8578694588550334,
    "f1-score": 0.8646922406833124,
    "support": 5104.0
  },
  "weighted avg": {
    "precision": 0.9031383579181836,
    "recall": 0.9034090909090909,
    "f1-score": 0.9030763155210159,
    "support": 5104.0
  }
}