{
  "Center": {
    "precision": 0.9566236811254396,
    "recall": 0.9499417927823051,
    "f1-score": 0.9532710280373832,
    "support": 859.0
  },
  "Donut": {
    "precision": 0.9521276595744681,
    "recall": 0.895,
    "f1-score": 0.9226804123711341,
    "support": 200.0
  },
  "Edge-Loc": {
    "precision": 0.8931068931068931,
    "recall": 0.861271676300578,
    "f1-score": 0.8769004413928396,
    "support": 1038.0
  },
  "Edge-Ring": {
    "precision": 0.9726443768996961,
    "recall": 0.9917355371900827,
    "f1-score": 0.9820971867007673,
    "support": 1936.0
  },
  "Loc": {
    "precision": 0.7975206611570248,
    "recall": 0.8052851182197497,
    "f1-score": 0.8013840830449827,
    "support": 719.0
  },
  "Near-full": {
    "precision": 1.0,
    "recall": 0.89,
    "f1-score": 0.9417989417989417,
    "support": 200.0
  },
  "Random": {
    "precision": 0.7596153846153846,
    "recall": 0.9132947976878613,
    "f1-score": 0.8293963254593176,
    "support": 173.0
  },
  "Scratch": {
    "precision": 0.7239057239057239,
    "recall": 0.7166666666666667,
    "f1-score": 0.7202680067001676,
    "support": 300.0
  },
  "accuracy": 0.9104147465437789,
  "macro avg": {
    "precision": 0.8819430475480787,
    "recall": 0.8778994486059054,
    "f1-score": 0.8784745531881917,
    "support": 5425.0
  },
  "weighted avg": {
    "precision": 0.9113829081670953,
    "recall": 0.9104147465437789,
    "f1-score": 0.9104294225917854,
    "support": 5425.0
  }
}