{
  "Center": {
    "precision": 0.9385665529010239,
    "recall": 0.9604190919674039,
    "f1-score": 0.9493670886075949,
    "support": 859.0
  },
  "Donut": {
    "precision": 0.8508771929824561,
    "recall": 0.8738738738738738,
    "f1-score": 0.8622222222222222,
    "support": 111.0
  },
  "Edge-Loc": {
    "precision": 0.8736532810969637,
    "recall": 0.859344894026975,
    "f1-score": 0.8664400194269063,
    "support": 1038.0
  },
  "Edge-Ring": {
    "precision": 0.9753846153846154,
    "recall": 0.9824380165289256,
    "f1-score": 0.9788986103962944,
    "support": 1936.0
  },
  "Loc": {
    "precision": 0.7628458498023716,
    "recall": 0.8052851182197497,
    "f1-score": 0.7834912043301759,
    "support": 719.0
  },
  "Near-full": {
    "precision": 0.88,
    "recall": 0.7333333333333333,
    "f1-score": 0.8,
    "support": 30.0
  },
  "Random": {
    "precision": 0.8850574712643678,
    "recall": 0.8901734104046243,
    "f1-score": 0.8876080691642652,
    "support": 173.0
  },
  "Scratch": {
    "precision": 0.7197802197802198,
    "recall": 0.5504201680672269,
    "f1-score": 0.6238095238095238,
    "support": 238.0
  },
  "accuracy": 0.9016457680250783,
  "macro avg": {
    "precision": 0.8607706479015023,
    "recall": 0.831910988302764,
    "f1-score": 0.8439795922446228,
    "support": 5104.0
  },
  "weighted avg": {
    "precision": 0.9003098666478505,
    "recall": 0.9016457680250783,
    "f1-score": 0.9002896716728894,
    "support": 5104.0
  }
}