{
  "Center": {
    "precision": 0.9504132231404959,
    "recall": 0.9371362048894063,
    "f1-score": 0.943728018757327,
    "support": 859.0
  },
  "Donut": {
    "precision": 0.8461538461538461,
    "recall": 0.7927927927927928,
    "f1-score": 0.8186046511627907,
    "support": 111.0
  },
  "Edge-Loc": {
    "precision": 0.8598484848484849,
    "recall": 0.8747591522157996,
    "f1-score": 0.8672397325692455,
    "support": 1038.0
  },
  "Edge-Ring": {
    "precision": 0.971443141254462,
    "recall": 0.9839876033057852,
    "f1-score": 0.9776751347190146,
    "support": 1936.0
  },
  "Loc": {
    "precision": 0.7615803814713896,
    "recall": 0.7774687065368567,
    "f1-score": 0.7694425326909842,
    "support": 719.0
  },
  "Near-full": {
    "precision": 0.9090909090909091,
    "recall": 1.0,
    "f1-score": 0.9523809523809523,
    "support": 30.0
  },
  "Random": {
    "precision": 0.7990196078431373,
    "recall": 0.9421965317919075,
    "f1-score": 0.8647214854111406,
    "support": 173.0
  },
  "Scratch": {
    "precision": 0.696969696969697,
    "recall": 0.4831932773109244,
    "f1-score": 0.5707196029776674,
    "support": 238.0
  },
  "accuracy": 0.8959639498432602,
  "macro avg": {
    "precision": 0.8493149113465528,
    "recall": 0.848941783605434,
    "f1-score": 0.8455640138336402,
    "support": 5104.0
  },
  "weighted avg": {
    "precision": 0.8939112237320602,
    "recall": 0.8959639498432602,
    "f1-score": 0.8937558933533623,
    "support": 5104.0
  }
}