{
  "Center": {
    "precision": 0.9508771929824561,
    "recall": 0.9464493597206054,
    "f1-score": 0.9486581096849475,
    "support": 859.0
  },
  "Donut": {
    "precision": 0.9710982658959537,
    "recall": 0.84,
    "f1-score": 0.900804289544236,
    "support": 200.0
  },
  "Edge-Loc": {
    "precision": 0.9073120494335737,
    "recall": 0.848747591522158,
    "f1-score": 0.8770532603285216,
    "support": 1038.0
  },
  "Edge-Ring": {
    "precision": 0.98287493513233,
    "recall": 0.9783057851239669,
    "f1-score": 0.9805850375355941,
    "support": 1936.0
  },
  "Loc": {
    "precision": 0.7846364883401921,
    "recall": 0.7955493741307371,
    "f1-score": 0.7900552486187845,
    "support": 719.0
  },
  "Near-full": {
    "precision": 0.9611650485436893,
    "recall": 0.99,
    "f1-score": 0.9753694581280788,
    "support": 200.0
  },
  "Random": {
    "precision": 0.9586206896551724,
    "recall": 0.8034682080924855,
    "f1-score": 0.8742138364779874,
    "support": 173.0
  },
  "Scratch": {
    "precision": 0.5918854415274463,
    "recall": 0.8266666666666667,
    "f1-score": 0.6898470097357441,
    "support": 300.0
  },
  "accuracy": 0.9056221198156682,
  "macro avg": {
    "precision": 0.8885587639388517,
    "recall": 0.8786483731570774,
    "f1-score": 0.8795732812567367,
    "support": 5425.0
  },
  "weighted avg": {
    "precision": 0.9134474839213412,
    "recall": 0.9056221198156682,
    "f1-score": 0.9078652171487686,
    "support": 5425.0
  }
}