{
  "Center": {
    "precision": 0.9187082405345212,
    "recall": 0.9604190919674039,
    "f1-score": 0.9391007398975526,
    "support": 859.0
  },
  "Donut": {
    "precision": 0.8679245283018868,
    "recall": 0.8288288288288288,
    "f1-score": 0.847926267281106,
    "support": 111.0
  },
  "Edge-Loc": {
    "precision": 0.8870967741935484,
    "recall": 0.8477842003853564,
    "f1-score": 0.8669950738916257,
    "support": 1038.0
  },
  "Edge-Ring": {
    "precision": 0.9798345398138573,
    "recall": 0.9788223140495868,
    "f1-score": 0.979328165374677,
    "support": 1936.0
  },
  "Loc": {
    "precision": 0.7598944591029023,
    "recall": 0.8011126564673157,
    "f1-score": 0.7799593771157752,
    "support": 719.0
  },
  "Near-full": {
    "precision": 0.92,
    "recall": 0.7666666666666667,
    "f1-score": 0.8363636363636363,
    "support": 30.0
  },
  "Random": {
    "precision": 0.8229166666666666,
    "recall": 0.9132947976878613,
    "f1-score": 0.8657534246575342,
    "support": 173.0
  },
  "Scratch": {
    "precision": 0.6884422110552764,
    "recall": 0.5756302521008403,
    "f1-score": 0.6270022883295194,
    "support": 238.0
  },
  "accuracy": 0.8985109717868338,
  "macro avg": {
    "precision": 0.8556021774585824,
    "recall": 0.8340698510192325,
    "f1-score": 0.8428036216139283,
    "support": 5104.0
  },
  "weighted avg": {
    "precision": 0.8980121605824196,
    "recall": 0.8985109717868338,
    "f1-score": 0.8976510882504728,
    "support": 5104.0
  }
}