{
  "Center": {
    "precision": 0.9446366782006921,
    "recall": 0.9534342258440046,
    "f1-score": 0.9490150637311703,
    "support": 859.0
  },
  "Donut": {
    "precision": 0.8725490196078431,
    "recall": 0.8018018018018018,
    "f1-score": 0.8356807511737089,
    "support": 111.0
  },
  "Edge-Loc": {
    "precision": 0.8586142322097379,
    "recall": 0.8834296724470135,
    "f1-score": 0.8708452041785375,
    "support": 1038.0
  },
  "Edge-Ring": {
    "precision": 0.9848643006263048,
    "recall": 0.9746900826446281,
    "f1-score": 0.9797507788161994,
    "support": 1936.0
  },
  "Loc": {
    "precision": 0.7884892086330936,
    "recall": 0.7621696801112656,
    "f1-score": 0.7751060820367751,
    "support": 719.0
  },
  "Near-full": {
    "precision": 0.75,
    "recall": 1.0,
    "f1-score": 0.8571428571428571,
    "support": 30.0
  },
  "Random": {
    "precision": 0.9924242424242424,
    "recall": 0.7572254335260116,
    "f1-score": 0.8590163934426229,
    "support": 173.0
  },
  "Scratch": {
    "precision": 0.5633802816901409,
    "recall": 0.6722689075630253,
    "f1-score": 0.6130268199233716,
    "support": 238.0
  },
  "accuracy": 0.8975313479623824,
  "macro avg": {
    "precision": 0.8443697454240069,
    "recall": 0.8506274754922187,
    "f1-score": 0.8424479938056554,
    "support": 5104.0
  },
  "weighted avg": {
    "precision": 0.9015345510944242,
    "recall": 0.8975313479623824,
    "f1-score": 0.8985550765589545,
    "support": 5104.0
  }
}