{
  "Center": {
    "precision": 0.9257142857142857,
    "recall": 0.9429569266589057,
    "f1-score": 0.9342560553633218,
    "support": 859.0
  },
  "Donut": {
    "precision": 0.8703703703703703,
    "recall": 0.8468468468468469,
    "f1-score": 0.8584474885844748,
    "support": 111.0
  },
  "Edge-Loc": {
    "precision": 0.846079380445305,
    "recall": 0.8420038535645472,
    "f1-score": 0.8440366972477065,
    "support": 1038.0
  },
  "Edge-Ring": {
    "precision": 0.9646464646464646,
    "recall": 0.9865702479338843,
    "f1-score": 0.975485188968335,
    "support": 1936.0
  },
  "Loc": {
    "precision": 0.7401685393258427,
    "recall": 0.7329624478442281,
    "f1-score": 0.7365478686233403,
    "support": 719.0
  },
  "Near-full": {
    "precision": 0.9166666666666666,
    "recall": 0.7333333333333333,
    "f1-score": 0.8148148148148148,
    "support": 30.0
  },
  "Random": {
    "precision": 0.7453703703703703,
    "recall": 0.930635838150289,
    "f1-score": 0.8277634961439588,
    "support": 173.0
  },
  "Scratch": {
    "precision": 0.6538461538461539,
    "recall": 0.42857142857142855,
    "f1-score": 0.5177664974619289,
    "support": 238.0
  },
  "accuracy": 0.8816614420062696,
  "macro avg": {
    "precision": 0.8328577789231824,
    "recall": 0.805485115362933,
    "f1-score": 0.8136397634009851,
    "support": 5104.0
  },
  "weighted avg": {
    "precision": 0.878101738530996,
    "recall": 0.8816614420062696,
    "f1-score": 0.8783144423176444,
    "support": 5104.0
  }
}