{
  "Center": {
    "precision": 0.9409038238702202,
    "recall": 0.9452852153667055,
    "f1-score": 0.943089430894309,
    "support": 859.0
  },
  "Donut": {
    "precision": 0.9318181818181818,
    "recall": 0.7387387387387387,
    "f1-score": 0.8241206030150754,
    "support": 111.0
  },
  "Edge-Loc": {
    "precision": 0.862037037037037,
    "recall": 0.896917148362235,
    "f1-score": 0.8791312559017942,
    "support": 1038.0
  },
  "Edge-Ring": {
    "precision": 0.9828125,
    "recall": 0.9746900826446281,
    "f1-score": 0.9787344398340249,
    "support": 1936.0
  },
  "Loc": {
    "precision": 0.7484197218710493,
    "recall": 0.8233657858136301,
    "f1-score": 0.7841059602649006,
    "support": 719.0
  },
  "Near-full": {
    "precision": 0.9230769230769231,
    "recall": 0.8,
    "f1-score": 0.8571428571428571,
    "support": 30.0
  },
  "Random": {
    "precision": 0.96,
    "recall": 0.8323699421965318,
    "f1-score": 0.891640866873065,
    "support": 173.0
  },
  "Scratch": {
    "precision": 0.7043010752688172,
    "recall": 0.5504201680672269,
    "f1-score": 0.6179245283018868,
    "support": 238.0
  },
  "accuracy": 0.9018416927899686,
  "macro avg": {
    "precision": 0.8816711578677786,
    "recall": 0.820223385148712,
    "f1-score": 0.8469862427784891,
    "support": 5104.0
  },
  "weighted avg": {
    "precision": 0.9029579527747555,
    "recall": 0.9018416927899686,
    "f1-score": 0.9012080145116101,
    "support": 5104.0
  }
}