{
  "Center": {
    "precision": 0.9424626006904487,
    "recall": 0.9534342258440046,
    "f1-score": 0.9479166666666666,
    "support": 859.0
  },
  "Donut": {
    "precision": 0.9101123595505618,
    "recall": 0.7297297297297297,
    "f1-score": 0.81,
    "support": 111.0
  },
  "Edge-Loc": {
    "precision": 0.8667953667953668,
    "recall": 0.8651252408477842,
    "f1-score": 0.8659594985535197,
    "support": 1038.0
  },
  "Edge-Ring": {
    "precision": 0.9777892561983471,
    "recall": 0.9777892561983471,
    "f1-score": 0.9777892561983471,
    "support": 1936.0
  },
  "Loc": {
    "precision": 0.7699594046008119,
    "recall": 0.7913769123783032,
    "f1-score": 0.7805212620027435,
    "support": 719.0
  },
  "Near-full": {
    "precision": 1.0,
    "recall": 0.6333333333333333,
    "f1-score": 0.7755102040816326,
    "support": 30.0
  },
  "Random": {
    "precision": 0.8994082840236687,
    "recall": 0.8786127167630058,
    "f1-score": 0.8888888888888888,
    "support": 173.0
  },
  "Scratch": {
    "precision": 0.6356275303643725,
    "recall": 0.6596638655462185,
    "f1-score": 0.6474226804123712,
    "support": 238.0
  },
  "accuracy": 0.8989028213166145,
  "macro avg": {
    "precision": 0.8752693502779472,
    "recall": 0.8111331600800908,
    "f1-score": 0.8367510571005212,
    "support": 5104.0
  },
  "weighted avg": {
    "precision": 0.9000409941041531,
    "recall": 0.8989028213166145,
    "f1-score": 0.8989735198635508,
    "support": 5104.0
  }
}