{
  "Center": {
    "precision": 0.9699248120300752,
    "recall": 0.9010477299185099,
    "f1-score": 0.9342184671092335,
    "support": 859.0
  },
  "Donut": {
    "precision": 0.9052631578947369,
    "recall": 0.7747747747747747,
    "f1-score": 0.8349514563106796,
    "support": 111.0
  },
  "Edge-Loc": {
    "precision": 0.8596321393998064,
    "recall": 0.8554913294797688,
    "f1-score": 0.8575567358763883,
    "support": 1038.0
  },
  "Edge-Ring": {
    "precision": 0.9914529914529915,
    "recall": 0.9586776859504132,
    "f1-score": 0.9747899159663865,
    "support": 1936.0
  },
  "Loc": {
    "precision": 0.6666666666666666,
    "recall": 0.8817802503477051,
    "f1-score": 0.7592814371257485,
    "support": 719.0
  },
  "Near-full": {
    "precision": 1.0,
    "recall": 0.6333333333333333,
    "f1-score": 0.7755102040816326,
    "support": 30.0
  },
  "Random": {
    "precision": 0.8707865168539326,
    "recall": 0.8959537572254336,
    "f1-score": 0.8831908831908832,
    "support": 173.0
  },
  "Scratch": {
    "precision": 0.6708860759493671,
    "recall": 0.44537815126050423,
    "f1-score": 0.5353535353535354,
    "support": 238.0
  },
  "accuracy": 0.8851880877742947,
  "macro avg": {
    "precision": 0.8668265450309469,
    "recall": 0.7933046265363054,
    "f1-score": 0.819356579376811,
    "support": 5104.0
  },
  "weighted avg": {
    "precision": 0.894406556237295,
    "recall": 0.8851880877742947,
    "f1-score": 0.885953226424365,
    "support": 5104.0
  }
}